station,target,changes,stops,route_score,route_score_scaled
Weida,Leipzig-Knauthain,0,9,0.1,0.06896551724137932
Roßlau(Elbe),Delitzsch unt Bf,0,3,0.25,0.22413793103448276
Kodersdorf,Görlitz,0,0,1.0,1.0
Königsborn,Delitzsch unt Bf,0,8,0.1111111111111111,0.08045977011494253
Weickersdorf(Sachs),Bautzen,0,1,0.5,0.4827586206896552
Blönsdorf,Delitzsch unt Bf,0,12,0.07692307692307693,0.04509283819628648
Teufelsmühle,Zittau Vorstadt,0,4,0.2,0.1724137931034483
Meerane,Glauchau-Schönbörnchen,0,0,1.0,1.0
Bremen Hbf,Leipzig/Halle Flughafen,0,7,0.125,0.09482758620689656
Pirna-Copitz,Pirna-Copitz,0,0,1.0,1.0
Kurort Oybin,Zittau Vorstadt,0,5,0.16666666666666666,0.13793103448275862
Neudietendorf,Leipzig-Miltitz,0,14,0.06666666666666667,0.034482758620689655
Stockheim(Oberfr),Leipzig Hbf,0,15,0.0625,0.030172413793103453
Kämmereiforst,Eilenburg,0,0,1.0,1.0
Rudolstadt(Thür),Leipzig Hbf,0,6,0.14285714285714285,0.11330049261083745
Ostritz Stadt Dresden,Görlitz-Weinhübel Joh.-R.-Becher-Straße,0,1,0.5,0.4827586206896552
Leipzig-Lindenau,Leipzig-Lindenau,0,0,1.0,1.0
Batowice Lubanskie,Görlitz,0,3,0.25,0.22413793103448276
Camburg(Saale),Leipzig Hbf,0,2,0.3333333333333333,0.3103448275862069
Stralsund Hbf,Leipzig Hbf,0,11,0.08333333333333333,0.05172413793103449
Ellefeld,Ellefeld,0,0,1.0,1.0
Ebersbach(Sachs),Zittau,0,2,0.3333333333333333,0.3103448275862069
Chrastava,Zittau,0,1,0.5,0.4827586206896552
Norddeich,Leipzig/Halle Flughafen,0,18,0.05263157894736842,0.019963702359346643
Ludwigsstadt,Leipzig Hbf,0,12,0.07692307692307693,0.04509283819628648
Leißling,Leipzig-Miltitz,0,6,0.14285714285714285,0.11330049261083745
Löbau(Sachs),Löbau(Sachs),0,0,1.0,1.0
Prenzlau,Leipzig Hbf,0,6,0.14285714285714285,0.11330049261083745
Berbisdorf Anbau,Lößnitzgrund,0,6,0.14285714285714285,0.11330049261083745
Sluknov,Dresden Hbf,1,14,0.05,0.017241379310344834
München-Pasing,Leipzig Hbf,0,4,0.2,0.1724137931034483
Raguhn,Delitzsch unt Bf,0,3,0.25,0.22413793103448276
Klitschmar,Delitzsch unt Bf,0,1,0.5,0.4827586206896552
Zschaitz,Döbeln Hbf,0,0,1.0,1.0
Freital-Hainsberg West,Freital-Hainsberg West,0,0,1.0,1.0
Sedlitz Ost,Großenhain Cottb Bf,0,4,0.2,0.1724137931034483
Dohna(Sachs),Dresden-Zschachwitz,1,1,0.14285714285714285,0.11330049261083745
Lohsa,Hoyerswerda-Neustadt,0,0,1.0,1.0
Hamburg Hbf,Leipzig Hbf,0,4,0.2,0.1724137931034483
Rostock Hbf,Dresden-Neustadt,0,6,0.14285714285714285,0.11330049261083745
Förtschendorf,Leipzig Hbf,0,14,0.06666666666666667,0.034482758620689655
Radebeul-Zitzschewig,Radebeul-Zitzschewig,0,0,1.0,1.0
Bertsdorf,Zittau Vorstadt,0,2,0.3333333333333333,0.3103448275862069
Meißen Triebischtal,Meißen Triebischtal,0,0,1.0,1.0
Bützow,Dresden-Neustadt,0,7,0.125,0.09482758620689656
Plattling,Leipzig Hbf,0,7,0.125,0.09482758620689656
Langenwolmsdorf Mitte,Pirna-Copitz Nord,0,4,0.2,0.1724137931034483
Magdeburg-Neustadt,Delitzsch unt Bf,0,8,0.1111111111111111,0.08045977011494253
Olbersdorf Oberdorf,Zittau Vorstadt,0,1,0.5,0.4827586206896552
Stauchitz,Riesa,0,1,0.5,0.4827586206896552
Taucha(Leipzig),Leipzig Hbf,0,0,1.0,1.0
Eisenach,Leipzig Hbf,0,1,0.5,0.4827586206896552
Zerbst/Anhalt,Delitzsch unt Bf,0,5,0.16666666666666666,0.13793103448275862
Pirna,Pirna,0,0,1.0,1.0
Nassau(Erzgeb),Freiberg(Sachs),0,4,0.2,0.1724137931034483
Deutzen Markt,Markkleeberg,0,3,0.25,0.22413793103448276
Kubschütz,Bautzen,0,0,1.0,1.0
Züssow,Leipzig Hbf,0,9,0.1,0.06896551724137932
Chemnitz Riemenschneiderstraße,Chemnitz Riemenschneiderstraße,0,0,1.0,1.0
Chemnitz Theaterplatz,Chemnitz Theaterplatz,0,0,1.0,1.0
Helmsdorf(Pirna),Pirna-Copitz Nord,0,2,0.3333333333333333,0.3103448275862069
Sehma,Annaberg-Buchholz Süd,0,0,1.0,1.0
Aalen Hbf,Leipzig Hbf,0,8,0.1111111111111111,0.08045977011494253
Duisburg Hbf,Leipzig/Halle Flughafen,0,13,0.07142857142857142,0.0394088669950739
Leipzig Slevogtstraße,Leipzig Slevogtstraße,0,0,1.0,1.0
Beucha,Leipzig-Engelsdorf,0,1,0.5,0.4827586206896552
Altenbach,Wurzen,0,1,0.5,0.4827586206896552
Feilitzsch,Plauen(Vogtl) ob Bf,0,1,0.5,0.4827586206896552
Sedzislaw,Görlitz,0,21,0.045454545454545456,0.01253918495297806
Dortmund Hbf,Leipzig/Halle Flughafen,0,10,0.09090909090909091,0.059561128526645774
Schönberg(Vogtl),Plauen(Vogtl) ob Bf,0,2,0.3333333333333333,0.3103448275862069
"Jocketa Talsperrenblick, Pöhl",Plauen(Vogtl) ob Bf (Busbahnhof),0,0,1.0,1.0
Edle Krone,Freital-Hainsberg West,0,1,0.5,0.4827586206896552
Auerbach(V) unt Bf,Auerbach(V) unt Bf,0,0,1.0,1.0
Bad Liebenwerda,Torgau,0,3,0.25,0.22413793103448276
Bad Brambach,Oelsnitz(Vogtl),0,5,0.16666666666666666,0.13793103448275862
Putzkau,Radeberg,0,3,0.25,0.22413793103448276
Görlitz-Weinhübel,Görlitz-Weinhübel,0,0,1.0,1.0
Neukirchen-Klaffenbach,Chemnitz Friedrichstraße,0,1,0.5,0.4827586206896552
Rumburk,Dresden Hbf,1,16,0.045454545454545456,0.01253918495297806
Netzschkau,Reichenbach(Vogtl) ob Bf,0,0,1.0,1.0
Sohl,Oelsnitz(Vogtl),0,3,0.25,0.22413793103448276
Zeitz,Leipzig-Knauthain,0,3,0.25,0.22413793103448276
Sohland,Zittau,0,3,0.25,0.22413793103448276
Großröhrsdorf,Radeberg,0,1,0.5,0.4827586206896552
Ebensfeld,Leipzig Hbf,0,24,0.04,0.006896551724137938
Adorf(Erzgeb),Chemnitz Friedrichstraße,0,2,0.3333333333333333,0.3103448275862069
Leipzig Wilhelm-Leuschner-Platz,Leipzig Wilhelm-Leuschner-Platz,0,0,1.0,1.0
"Reuth(b Plauen,Vogtl)",Plauen(Vogtl) ob Bf,0,3,0.25,0.22413793103448276
Wilischthal,Annaberg-Buchholz unterer Bf,0,5,0.16666666666666666,0.13793103448275862
Graz Hbf,Dresden Hbf,0,13,0.07142857142857142,0.0394088669950739
Mittelherwigsdorf,Zittau,0,0,1.0,1.0
Crossen Ort,Leipzig-Knauthain,0,5,0.16666666666666666,0.13793103448275862
Oelsnitz(Erzgeb),Oelsnitz(Erzgeb),0,0,1.0,1.0
Jena-Zwätzen,Leipzig Hbf,0,5,0.16666666666666666,0.13793103448275862
Jena Paradies,Leipzig Hbf,0,1,0.5,0.4827586206896552
Oberoderwitz,Zittau,0,0,1.0,1.0
Budapest-Nyugati,Dresden Hbf,0,13,0.07142857142857142,0.0394088669950739
Freital-Deuben,Freital-Deuben,0,0,1.0,1.0
Berthelsdorf(Erzgebirge) Ort,Freiberg(Sachs),0,1,0.5,0.4827586206896552
Leipzig Anger-Crottendorf,Leipzig Anger-Crottendorf,0,0,1.0,1.0
Dresden-Kemnitz,Dresden-Kemnitz,0,0,1.0,1.0
Seifhennersdorf,Zittau,0,4,0.2,0.1724137931034483
Oranienburg,Dresden-Neustadt,0,3,0.25,0.22413793103448276
Vierenstraße,Annaberg-Buchholz Süd,1,4,0.1,0.06896551724137932
Mannheim Hbf,Leipzig Hbf,0,3,0.25,0.22413793103448276
Zittau Hp,Zittau Hp,0,0,1.0,1.0
Hof Hbf,Plauen(Vogtl) ob Bf,0,0,1.0,1.0
Dresden-Pieschen,Dresden-Pieschen,0,0,1.0,1.0
Zittau Vorstadt,Zittau Vorstadt,0,0,1.0,1.0
Frantiskovy Lazne Aquaforum,Oelsnitz(Vogtl),0,10,0.09090909090909091,0.059561128526645774
Lichtenberg(Erzgeb),Freiberg(Sachs),0,2,0.3333333333333333,0.3103448275862069
Nünchritz,Riesa,0,1,0.5,0.4827586206896552
Hainewalde,Zittau,0,1,0.5,0.4827586206896552
Lichtenstein(Sachs),Lichtenstein(Sachs),0,0,1.0,1.0
Olbernhau,Chemnitz Hbf,0,14,0.06666666666666667,0.034482758620689655
Dresden-Cotta,Dresden-Cotta,0,0,1.0,1.0
Ulberndorf,Dippoldiswalde,0,0,1.0,1.0
Schmilka-Hirschmühle,Pirna,0,6,0.14285714285714285,0.11330049261083745
Neukirch(Lausitz)West,Radeberg,0,3,0.25,0.22413793103448276
Hohenroda,Delitzsch ob Bf,0,0,1.0,1.0
Varnsdorf,Zittau,0,0,1.0,1.0
Neukirch(Lausitz)Ost,Radeberg,0,2,0.3333333333333333,0.3103448275862069
Zörnigall,Delitzsch unt Bf,0,9,0.1,0.06896551724137932
Chemnitz Schule Altchemnitz,Chemnitz Schule Altchemnitz,0,0,1.0,1.0
Magdeburg Herrenkrug,Delitzsch unt Bf,0,8,0.1111111111111111,0.08045977011494253
Raun,Oelsnitz(Vogtl),0,4,0.2,0.1724137931034483
Zittau,Zittau,0,0,1.0,1.0
Gundelsdorf,Leipzig Hbf,0,16,0.058823529411764705,0.026369168356997978
Wolfsgefärth,Leipzig-Knauthain,0,10,0.09090909090909091,0.059561128526645774
Blumenau,Chemnitz Hbf,0,12,0.07692307692307693,0.04509283819628648
Pommritz,Löbau(Sachs),0,0,1.0,1.0
Muldenhütten,Freiberg(Sachs),0,0,1.0,1.0
Annaberg-Buchholz Mitte,Annaberg-Buchholz Mitte,0,0,1.0,1.0
Marienhafe,Leipzig/Halle Flughafen,0,16,0.058823529411764705,0.026369168356997978
Glashütte(Sachs),Dresden-Zschachwitz,1,8,0.07142857142857142,0.0394088669950739
Boguszow Gorce,Görlitz,0,24,0.04,0.006896551724137938
Valdek,Dresden Hbf,1,15,0.047619047619047616,0.014778325123152712
Markkleeberg Nord,Markkleeberg Nord,0,0,1.0,1.0
Decin-Priper,Dresden Hbf,1,2,0.125,0.09482758620689656
Dahlen(Sachs),Oschatz,0,0,1.0,1.0
Chemnitz Rösslerstraße,Chemnitz Rösslerstraße,0,0,1.0,1.0
Bienenmühle,Freiberg(Sachs),0,6,0.14285714285714285,0.11330049261083745
Reichenbach(Vogtl) ob Bf,Reichenbach(Vogtl) ob Bf,0,0,1.0,1.0
Bad Elster,Oelsnitz(Vogtl),0,2,0.3333333333333333,0.3103448275862069
Delmenhorst,Leipzig/Halle Flughafen,0,8,0.1111111111111111,0.08045977011494253
Wahlitz,Delitzsch unt Bf,0,7,0.125,0.09482758620689656
Lauenstein(Sachs),Dresden-Zschachwitz,1,11,0.058823529411764705,0.026369168356997978
Kurort Jonsdorf Hst,Zittau Vorstadt,0,3,0.25,0.22413793103448276
Neustadt(Orla),Leipzig-Knauthain,0,12,0.07692307692307693,0.04509283819628648
Glauchau(Sachs),Glauchau(Sachs),0,0,1.0,1.0
Hetzdorf(Flöhatal),Chemnitz Hbf,0,3,0.25,0.22413793103448276
Chemnitz Technopark,Chemnitz Technopark,0,0,1.0,1.0
Varnsdorf stare nadr,Zittau,0,1,0.5,0.4827586206896552
Hirschfelde,Zittau,0,0,1.0,1.0
Mühlbach(Pirna),Dresden-Zschachwitz,1,5,0.09090909090909091,0.059561128526645774
Kiel Hbf,Leipzig Hbf,0,5,0.16666666666666666,0.13793103448275862
Leipzig Hbf (tief),Leipzig Hbf (tief),0,0,1.0,1.0
Orlamünde,Leipzig Hbf,0,6,0.14285714285714285,0.11330049261083745
Drebkau,Großenhain Cottb Bf,0,6,0.14285714285714285,0.11330049261083745
Dresden-Reick,Dresden-Reick,0,0,1.0,1.0
Falkenberg(Elster),Torgau,0,1,0.5,0.4827586206896552
Leipzig-Miltitz,Leipzig-Miltitz,0,0,1.0,1.0
Biederitz,Delitzsch unt Bf,0,7,0.125,0.09482758620689656
Gera-Langenberg,Leipzig-Knauthain,0,7,0.125,0.09482758620689656
Hermsdorf(Dresden),Dresden-Klotzsche,0,2,0.3333333333333333,0.3103448275862069
Bad Kösen,Leipzig Hbf,0,2,0.3333333333333333,0.3103448275862069
Rybnica,Görlitz,0,13,0.07142857142857142,0.0394088669950739
Leipzig-Wahren,Leipzig-Wahren,0,0,1.0,1.0
Walbrzych Glowny,Görlitz,0,26,0.037037037037037035,0.0038314176245210704
Radeburg,Lößnitzgrund,0,7,0.125,0.09482758620689656
Barthmühle,Plauen(Vogtl) Mitte,0,0,1.0,1.0
Großenhain Cottb Bf,Großenhain Cottb Bf,0,0,1.0,1.0
Berlin Hbf (tief),Dresden-Neustadt,0,1,0.5,0.4827586206896552
Radebeul-Kötzschenbroda,Radebeul-Kötzschenbroda,0,0,1.0,1.0
Güterglück,Delitzsch unt Bf,0,6,0.14285714285714285,0.11330049261083745
Mitteloelsnitz,Oelsnitz Bahnhofstraße,0,0,1.0,1.0
Schöna,Pirna,0,7,0.125,0.09482758620689656
Schöneck(Vogtl) Ferienpark,Falkenstein(Vogtl),0,3,0.25,0.22413793103448276
Luban Sl.,Görlitz,0,5,0.16666666666666666,0.13793103448275862
Chemnitz-Altchemnitz,Chemnitz-Altchemnitz,0,0,1.0,1.0
Wiesa(Erzgeb),Annaberg-Buchholz unterer Bf,0,0,1.0,1.0
Warmbad,Annaberg-Buchholz unterer Bf,0,3,0.25,0.22413793103448276
Weida Mitte,Leipzig-Knauthain,0,11,0.08333333333333333,0.05172413793103449
Hirschfelde Markt,Zittau,0,0,1.0,1.0
Stadt Wehlen(Sachs),Pirna,0,1,0.5,0.4827586206896552
Saalfeld(Saale),Leipzig Hbf,0,3,0.25,0.22413793103448276
Wien Meidling,Dresden Hbf,0,7,0.125,0.09482758620689656
Falkenau(Sachs)Süd,Chemnitz-Hilbersdorf,0,2,0.3333333333333333,0.3103448275862069
Mikulasovice dolni nadrazi,Dresden Hbf,1,9,0.06666666666666667,0.034482758620689655
Niederschlottwitz,Dresden-Zschachwitz,1,6,0.08333333333333333,0.05172413793103449
Cottbus Hbf,Weißwasser(Oberlausitz),0,4,0.2,0.1724137931034483
Kaulsdorf(Saale),Leipzig Hbf,0,9,0.1,0.06896551724137932
Rodleben,Delitzsch unt Bf,0,4,0.2,0.1724137931034483
Jena Saalbf,Leipzig Hbf,0,4,0.2,0.1724137931034483
Jeßnitz(Anh),Delitzsch unt Bf,0,2,0.3333333333333333,0.3103448275862069
Stollberg(Sachs),Stollberg(Sachs),0,0,1.0,1.0
Dresden Hbf,Dresden Hbf,0,0,1.0,1.0
Ellwangen,Leipzig Hbf,0,7,0.125,0.09482758620689656
Eilenburg,Eilenburg,0,0,1.0,1.0
Sättelstädt,Leipzig-Miltitz,0,20,0.047619047619047616,0.014778325123152712
Bad Sulza,Leipzig Hbf,0,6,0.14285714285714285,0.11330049261083745
Zwickau(Sachs)Hbf,Zwickau(Sachs)Hbf,0,0,1.0,1.0
Dresden-Stetzsch,Dresden-Stetzsch,0,0,1.0,1.0
Oelsnitz(Vogtl),Oelsnitz(Vogtl),0,0,1.0,1.0
Halle Dessauer Brücke,Schkeuditz West,0,6,0.14285714285714285,0.11330049261083745
Gera Hbf,Glauchau(Sachs),0,0,1.0,1.0
Mittweida,Mittweida,0,0,1.0,1.0
Wutha,Leipzig-Miltitz,0,22,0.043478260869565216,0.01049475262368816
Bad Zwischenahn,Leipzig/Halle Flughafen,0,11,0.08333333333333333,0.05172413793103449
Jerzmanki,Görlitz,0,1,0.5,0.4827586206896552
Dresden Bischofsplatz,Dresden Bischofsplatz,0,0,1.0,1.0
Emden Außenhafen,Leipzig/Halle Flughafen,0,16,0.058823529411764705,0.026369168356997978
Zwota-Zechenbach,Falkenstein(Vogtl),1,5,0.09090909090909091,0.059561128526645774
Flöha,Chemnitz Hbf,0,0,1.0,1.0
Wünschendorf Nord,Plauen(Vogtl) Mitte,0,9,0.1,0.06896551724137932
Dresden Mitte,Dresden Mitte,0,0,1.0,1.0
Chemnitz Mitte,Chemnitz Mitte,0,0,1.0,1.0
Hainichen,Chemnitz-Hilbersdorf,0,5,0.16666666666666666,0.13793103448275862
Helmstedt,Leipzig/Halle Flughafen,0,3,0.25,0.22413793103448276
Bischofswerda,Bautzen,0,0,1.0,1.0
Leipzig Miltitzer Allee,Leipzig Miltitzer Allee,0,0,1.0,1.0
Neumühle(Elster),Plauen(Vogtl) Mitte,0,6,0.14285714285714285,0.11330049261083745
Limmritz(Sachs),Döbeln Hbf,0,0,1.0,1.0
Nürnberg Hbf,Leipzig Hbf,0,2,0.3333333333333333,0.3103448275862069
Niesky,Niesky,0,0,1.0,1.0
Chemnitz Schneeberger Straße,Chemnitz Schneeberger Straße,0,0,1.0,1.0
Thermalbad Wiesenbad,Annaberg-Buchholz unterer Bf,0,1,0.5,0.4827586206896552
Burgstädt,Chemnitz Hbf,0,0,1.0,1.0
Vaihingen(Enz),Leipzig Hbf,0,12,0.07692307692307693,0.04509283819628648
Leipzig-Sellerhausen,Leipzig-Sellerhausen,0,0,1.0,1.0
Dresden-Friedrichstadt,Dresden-Friedrichstadt,0,0,1.0,1.0
Bärnsdorf,Lößnitzgrund,0,4,0.2,0.1724137931034483
Neustadt(Sachs),Pirna-Copitz Nord,0,6,0.14285714285714285,0.11330049261083745
Markkleeberg-Gaschwitz,Markkleeberg-Gaschwitz,0,0,1.0,1.0
Gryfow Sl.,Görlitz,0,8,0.1111111111111111,0.08045977011494253
Bergwitz,Delitzsch unt Bf,0,6,0.14285714285714285,0.11330049261083745
Ebing,Leipzig Hbf,0,26,0.037037037037037035,0.0038314176245210704
Markkleeberg-Großstädteln,Markkleeberg-Großstädteln,0,0,1.0,1.0
Crossen a d Elster,Leipzig-Knauthain,0,6,0.14285714285714285,0.11330049261083745
Zoblitz,Löbau(Sachs),0,0,1.0,1.0
Leipzig Völkerschlachtdenkmal,Leipzig Völkerschlachtdenkmal,0,0,1.0,1.0
Leipzig MDR,Leipzig MDR,0,0,1.0,1.0
Finsterwalde(Niederlausitz),Torgau,0,3,0.25,0.22413793103448276
Dittersbach,Chemnitz-Hilbersdorf,0,4,0.2,0.1724137931034483
Burgkemnitz,Delitzsch unt Bf,0,3,0.25,0.22413793103448276
Geithain,Leipzig Hbf,0,1,0.5,0.4827586206896552
Chemnitz Schillerplatz,Chemnitz Schillerplatz,0,0,1.0,1.0
Peißen,Delitzsch unt Bf,0,4,0.2,0.1724137931034483
Freital-Hainsberg,Freital-Hainsberg,0,0,1.0,1.0
Hartmannmühle,Dresden-Zschachwitz,1,12,0.05555555555555555,0.022988505747126436
Jesewitz(Leipzig),Eilenburg,0,0,1.0,1.0
Goßdorf-Kohlmühle,Dresden Hbf,1,3,0.1111111111111111,0.08045977011494253
Leipzig-Möckern,Leipzig-Möckern,0,0,1.0,1.0
Krzewina Zgorzelecka,Görlitz-Weinhübel,0,1,0.5,0.4827586206896552
Dolni Zleb zast.,Dresden Hbf,1,3,0.1111111111111111,0.08045977011494253
Kurort Rathen,Pirna,0,2,0.3333333333333333,0.3103448275862069
Chemnitz Süd,Chemnitz Süd,0,0,1.0,1.0
Porstendorf,Leipzig Hbf,0,4,0.2,0.1724137931034483
Köln Hbf,Leipzig/Halle Flughafen,0,14,0.06666666666666667,0.034482758620689655
Zirovice-Seniky,Oelsnitz(Vogtl),0,8,0.1111111111111111,0.08045977011494253
Tautenhain,Leipzig-Liebertwolkwitz,0,7,0.125,0.09482758620689656
Erlangen,Leipzig Hbf,0,1,0.5,0.4827586206896552
Prösen Ost,Großenhain Cottb Bf,0,2,0.3333333333333333,0.3103448275862069
Triptis,Leipzig-Knauthain,0,11,0.08333333333333333,0.05172413793103449
Pößneck ob Bf,Leipzig-Knauthain,0,13,0.07142857142857142,0.0394088669950739
Weixdorf Bad,Dresden-Klotzsche,0,0,1.0,1.0
Plauen(Vogtl) ob Bf (Busbahnhof),Plauen(Vogtl) ob Bf (Busbahnhof),0,0,1.0,1.0
Chemnitz Hbf (Bahnhofstraße),Chemnitz Hbf (Bahnhofstraße),0,0,1.0,1.0
Plauen(Vogtl) Mitte,Plauen(Vogtl) Mitte,0,0,1.0,1.0
Bagenz,Weißwasser(Oberlausitz),0,2,0.3333333333333333,0.3103448275862069
Anklam,Leipzig Hbf,0,8,0.1111111111111111,0.08045977011494253
Königsbrück,Dresden-Klotzsche,0,7,0.125,0.09482758620689656
Würzburg Hbf,Leipzig Hbf,0,2,0.3333333333333333,0.3103448275862069
Clausnitz,Freiberg(Sachs),0,5,0.16666666666666666,0.13793103448275862
Muldenstein,Delitzsch unt Bf,0,2,0.3333333333333333,0.3103448275862069
Antonsthal,Schwarzenberg Hp,0,1,0.5,0.4827586206896552
Leipzig-Knauthain,Leipzig-Knauthain,0,0,1.0,1.0
Neumark(Sachs),Reichenbach(Vogtl) ob Bf,0,0,1.0,1.0
Olszyna Lubanska,Görlitz,0,6,0.14285714285714285,0.11330049261083745
Nove Zamky,Dresden Hbf,0,8,0.1111111111111111,0.08045977011494253
Obercarsdorf,Dippoldiswalde,0,1,0.5,0.4827586206896552
Neusalza-Spremberg,Zittau,0,3,0.25,0.22413793103448276
Michelau(Oberfr),Leipzig Hbf,0,21,0.045454545454545456,0.01253918495297806
Zahna,Delitzsch unt Bf,0,11,0.08333333333333333,0.05172413793103449
Berga(Elster),Plauen(Vogtl) Mitte,0,7,0.125,0.09482758620689656
Halle Zoo,Schkeuditz West,0,7,0.125,0.09482758620689656
Markkleeberg,Markkleeberg,0,0,1.0,1.0
Großkugel,Schkeuditz West,0,0,1.0,1.0
Oßmannstedt,Leipzig-Miltitz,0,12,0.07692307692307693,0.04509283819628648
Frohburg,Borna(Leipzig),0,2,0.3333333333333333,0.3103448275862069
Kötzschau,Leipzig-Miltitz,0,2,0.3333333333333333,0.3103448275862069
Falkenau(Sachs)Hp,Chemnitz Hbf,0,2,0.3333333333333333,0.3103448275862069
Elsterwerda,Dresden-Neustadt,0,0,1.0,1.0
Chemnitz-Schönau,Chemnitz-Schönau,0,0,1.0,1.0
Vieselbach,Leipzig-Miltitz,0,13,0.07142857142857142,0.0394088669950739
Lichtenstein Hartensteiner Straße,Lichtenstein Hartensteiner Straße,0,0,1.0,1.0
Boleslawiec,Görlitz,0,8,0.1111111111111111,0.08045977011494253
Lauter(Sachs),Schwarzenberg-Neuwelt,0,0,1.0,1.0
Lehndorf(Altenburg),Crimmitschau,0,2,0.3333333333333333,0.3103448275862069
Hennersdorf(Sachs),Chemnitz Hbf,0,4,0.2,0.1724137931034483
Schirgiswalde-Kirschau,Radeberg,0,4,0.2,0.1724137931034483
Borna(Leipzig),Borna(Leipzig),0,0,1.0,1.0
Uhsmannsdorf,Weißwasser(Oberlausitz),0,2,0.3333333333333333,0.3103448275862069
Ubocze,Görlitz,0,7,0.125,0.09482758620689656
Chotyne,Zittau,0,1,0.5,0.4827586206896552
Fulda,Leipzig Hbf,0,2,0.3333333333333333,0.3103448275862069
Lengefeld-Rauenstein,Chemnitz Hbf,0,9,0.1,0.06896551724137932
Mulda(Sachs),Freiberg(Sachs),0,3,0.25,0.22413793103448276
Schüptitz,Leipzig-Knauthain,0,13,0.07142857142857142,0.0394088669950739
Niederoderwitz,Zittau,0,1,0.5,0.4827586206896552
Schmiedeberg-Naundorf,Dippoldiswalde,0,2,0.3333333333333333,0.3103448275862069
Varnsdorf mlékárna,Zittau,0,2,0.3333333333333333,0.3103448275862069
Ingolstadt Hbf,Leipzig Hbf,0,3,0.25,0.22413793103448276
Stollberg Schlachthofstraße,Stollberg Schlachthofstraße,0,0,1.0,1.0
Apolda,Leipzig Hbf,0,7,0.125,0.09482758620689656
Dresden Grenzstraße,Dresden Grenzstraße,0,0,1.0,1.0
Dresden Freiberger Straße,Dresden Freiberger Straße,0,0,1.0,1.0
Borsdorf(Sachs),Leipzig-Engelsdorf,0,0,1.0,1.0
Prösen West,Riesa,0,3,0.25,0.22413793103448276
Leipzig-Paunsdorf,Leipzig-Paunsdorf,0,0,1.0,1.0
Hoyerswerda,Hoyerswerda,0,0,1.0,1.0
Leipzig Mockauer Straße,Leipzig Mockauer Straße,0,0,1.0,1.0
Heidenau-Großsedlitz,Pirna,0,0,1.0,1.0
Halle Messe,Schkeuditz West,0,3,0.25,0.22413793103448276
Großharthau,Radeberg,0,1,0.5,0.4827586206896552
Leipzig/Halle Flughafen,Leipzig/Halle Flughafen,0,0,1.0,1.0
Seifersdorf,Dippoldiswalde,0,1,0.5,0.4827586206896552
Szob,Dresden Hbf,0,10,0.09090909090909091,0.059561128526645774
Dessau Hbf,Delitzsch unt Bf,0,2,0.3333333333333333,0.3103448275862069
Lobstädt,Borna(Leipzig),0,0,1.0,1.0
Mechterstädt,Leipzig-Miltitz,0,19,0.05,0.017241379310344834
Neumark(Sachs) Ladestraße,Werdau,0,0,1.0,1.0
Böhlen Werke,Markkleeberg,0,1,0.5,0.4827586206896552
Schweikershain,Mittweida,0,1,0.5,0.4827586206896552
Leipzig-Heiterblick,Leipzig-Heiterblick,0,0,1.0,1.0
Friedewald(Kr Dresden) Bad,Lößnitzgrund,0,1,0.5,0.4827586206896552
Forchheim(Oberfr),Leipzig Hbf,0,29,0.03333333333333333,0.0
Naumburg(Saale)Hbf,Leipzig Hbf,0,0,1.0,1.0
Mikulowa,Görlitz,0,2,0.3333333333333333,0.3103448275862069
Jedrzychowice,Görlitz,0,2,0.3333333333333333,0.3103448275862069
Neupetershain,Großenhain Cottb Bf,0,5,0.16666666666666666,0.13793103448275862
Großsteinberg,Grimma ob Bf,0,0,1.0,1.0
Stolpen,Pirna-Copitz Nord,0,3,0.25,0.22413793103448276
Oederan,Freiberg(Sachs),0,2,0.3333333333333333,0.3103448275862069
Bennewitz,Wurzen,0,0,1.0,1.0
Fröttstädt,Leipzig-Miltitz,0,18,0.05263157894736842,0.019963702359346643
Bad Staffelstein,Leipzig Hbf,0,23,0.041666666666666664,0.008620689655172417
Oberoderwitz Oberdorf,Zittau,0,3,0.25,0.22413793103448276
Leipzig Essener Straße,Leipzig Essener Straße,0,0,1.0,1.0
Augsburg Hbf,Leipzig Hbf,0,5,0.16666666666666666,0.13793103448275862
Kahla(Thür),Leipzig Hbf,0,5,0.16666666666666666,0.13793103448275862
Grünbach(Vogtl),Falkenstein(Vogtl),0,0,1.0,1.0
Ponitz,Crimmitschau,0,0,1.0,1.0
Stendal Hbf,Leipzig Hbf,0,3,0.25,0.22413793103448276
Neudorf(Erzgeb),Annaberg-Buchholz Süd,1,3,0.1111111111111111,0.08045977011494253
Bochum Hbf,Leipzig/Halle Flughafen,0,11,0.08333333333333333,0.05172413793103449
Greppin,Delitzsch unt Bf,0,1,0.5,0.4827586206896552
Lippendorf Kraftwerk/Wendestelle,Borna(Leipzig),0,2,0.3333333333333333,0.3103448275862069
Berlin-Spandau,Leipzig Hbf,0,2,0.3333333333333333,0.3103448275862069
Neustrelitz Hbf,Dresden-Neustadt,0,4,0.2,0.1724137931034483
Freital-Potschappel,Freital-Potschappel,0,0,1.0,1.0
Limbach(Vogtl),Reichenbach(Vogtl) ob Bf,0,1,0.5,0.4827586206896552
Ansbach,Leipzig Hbf,0,5,0.16666666666666666,0.13793103448275862
St Egidien,Hohenstein-Ernstthal,0,0,1.0,1.0
Görlitz-Rauschwalde,Görlitz-Rauschwalde,0,0,1.0,1.0
Tomaszow Boleslawiecki,Görlitz,0,9,0.1,0.06896551724137932
Klingenberg-Colmnitz,Freiberg(Sachs),0,2,0.3333333333333333,0.3103448275862069
Gütersloh Hbf,Leipzig/Halle Flughafen,0,8,0.1111111111111111,0.08045977011494253
Leipzig Hbf,Leipzig Hbf,0,0,1.0,1.0
Pönitz(Leipzig),Eilenburg,0,1,0.5,0.4827586206896552
"Bärenstein(b Glashütte, Sachs)",Dresden-Zschachwitz,1,10,0.0625,0.030172413793103453
Ottendorf(Mittweida),Chemnitz Kinderwaldstätte,0,1,0.5,0.4827586206896552
Taubenheim(Spree),Zittau,0,4,0.2,0.1724137931034483
Niederdorf(Erzgeb),Stollberg Schlachthofstraße,0,0,1.0,1.0
Zschopau,Annaberg-Buchholz unterer Bf,0,6,0.14285714285714285,0.11330049261083745
Dresden-Niedersedlitz,Dresden-Niedersedlitz,0,0,1.0,1.0
Chemnitz Gustav-Freytag-Straße,Chemnitz Gustav-Freytag-Straße,0,0,1.0,1.0
Neukieritzsch,Borna(Leipzig),0,1,0.5,0.4827586206896552
Warnemünde,Dresden-Neustadt,0,7,0.125,0.09482758620689656
Rentzschmühle,Plauen(Vogtl) Mitte,0,1,0.5,0.4827586206896552
Weißes Roß,Lößnitzgrund,0,0,1.0,1.0
Syrau,Plauen(Vogtl) ob Bf,0,0,1.0,1.0
Zeithain,Riesa,0,0,1.0,1.0
Belgershain,Leipzig-Liebertwolkwitz,0,0,1.0,1.0
Zschortau,Delitzsch unt Bf,0,0,1.0,1.0
Neukirchen-Wyhra,Borna(Leipzig),0,1,0.5,0.4827586206896552
Leipzig-Engelsdorf,Leipzig-Engelsdorf,0,0,1.0,1.0
Zgorzelec Miasto,Görlitz,0,1,0.5,0.4827586206896552
Kurort Altenberg(Erzgebirge),Dresden-Zschachwitz,1,14,0.05,0.017241379310344834
Fährbrücke,Bad Schlema,0,1,0.5,0.4827586206896552
Schwarzenberg(Erzg),Schwarzenberg(Erzg),0,0,1.0,1.0
Moritzburg,Lößnitzgrund,0,2,0.3333333333333333,0.3103448275862069
Leipzig Werkstättenstraße,Leipzig Werkstättenstraße,0,0,1.0,1.0
Senftenberg,Großenhain Cottb Bf,0,3,0.25,0.22413793103448276
Niederau,Coswig(b Dresden),0,1,0.5,0.4827586206896552
Meißen,Meißen,0,0,1.0,1.0
Kamenz(Sachs),Kamenz(Sachs),0,0,1.0,1.0
Demitz-Thumitz,Bautzen,0,1,0.5,0.4827586206896552
Olbernhau West,Chemnitz Hbf,0,13,0.07142857142857142,0.0394088669950739
Schärding,Leipzig Hbf,0,9,0.1,0.06896551724137932
Lichtenstein Ernst-Schneller-Siedlung,Lichtenstein Ernst-Schneller-Siedlung,0,0,1.0,1.0
Zeutsch,Leipzig Hbf,0,7,0.125,0.09482758620689656
Chemnitz Küchwald,Chemnitz Küchwald,0,0,1.0,1.0
Rechenberg,Freiberg(Sachs),0,8,0.1111111111111111,0.08045977011494253
Steinpleis,Werdau,0,0,1.0,1.0
Zschopau Ost,Annaberg-Buchholz unterer Bf,0,7,0.125,0.09482758620689656
Unterloquitz,Leipzig Hbf,0,10,0.09090909090909091,0.059561128526645774
Lauta(Nl),Hoyerswerda,0,1,0.5,0.4827586206896552
Lohmen,Pirna-Copitz Nord,0,0,1.0,1.0
Zwickau Stadthalle,Zwickau Stadthalle,0,0,1.0,1.0
Grobau,Plauen(Vogtl) ob Bf,0,4,0.2,0.1724137931034483
Schwarzkollm,Hoyerswerda,0,0,1.0,1.0
Hundsgrün,Oelsnitz(Vogtl),0,0,1.0,1.0
Reifland-Wünschendorf,Chemnitz Hbf,0,8,0.1111111111111111,0.08045977011494253
Schleife,Weißwasser(Oberlausitz),0,0,1.0,1.0
Greiz,Plauen(Vogtl) Mitte,0,5,0.16666666666666666,0.13793103448275862
Johanngeorgenstadt,Schwarzenberg Hp,0,4,0.2,0.1724137931034483
Petergrube,Borna(Leipzig),0,0,1.0,1.0
Bad Dürrenberg,Leipzig Hbf,0,1,0.5,0.4827586206896552
Brno hl.n.,Dresden Hbf,0,4,0.2,0.1724137931034483
Weida Altstadt,Leipzig-Knauthain,0,12,0.07692307692307693,0.04509283819628648
Freiberg(Sachs),Freiberg(Sachs),0,0,1.0,1.0
Zwickau-Schedewitz,Zwickau-Schedewitz,0,0,1.0,1.0
Markranstädt,Leipzig-Miltitz,0,0,1.0,1.0
Deutzen,Markkleeberg,0,3,0.25,0.22413793103448276
Klitten,Niesky,0,2,0.3333333333333333,0.3103448275862069
Minden(Westf),Leipzig/Halle Flughafen,0,5,0.16666666666666666,0.13793103448275862
Kraslice,Falkenstein(Vogtl),1,7,0.07692307692307693,0.04509283819628648
Kyhna,Delitzsch unt Bf,0,0,1.0,1.0
Niederbobritzsch,Freiberg(Sachs),0,1,0.5,0.4827586206896552
Witkow Sl.,Görlitz,0,22,0.043478260869565216,0.01049475262368816
Bad Hersfeld,Leipzig Hbf,0,2,0.3333333333333333,0.3103448275862069
Frankfurt(Main)Hbf,Leipzig Hbf,0,2,0.3333333333333333,0.3103448275862069
Klaffenbach Hp,Chemnitz Friedrichstraße,0,0,1.0,1.0
Frantiskovy Lazne,Oelsnitz(Vogtl),0,9,0.1,0.06896551724137932
Hähnichen,Weißwasser(Oberlausitz),0,1,0.5,0.4827586206896552
Berlin Südkreuz,Dresden-Neustadt,0,0,1.0,1.0
Braunsdorf-Lichtenwalde,Chemnitz-Hilbersdorf,0,1,0.5,0.4827586206896552
Bad Lausick,Leipzig Hbf,0,0,1.0,1.0
Reußen,Delitzsch unt Bf,0,3,0.25,0.22413793103448276
Leipzig-Plagwitz,Leipzig-Plagwitz,0,0,1.0,1.0
Narsdorf,Chemnitz Hbf,0,1,0.5,0.4827586206896552
Arnsdorf(Dresden),Radeberg,0,0,1.0,1.0
Lasow,Görlitz,0,3,0.25,0.22413793103448276
Gräfenhainichen,Delitzsch unt Bf,0,4,0.2,0.1724137931034483
Crimmitschau,Crimmitschau,0,0,1.0,1.0
Bärenhecke-Johnsbach,Dresden-Zschachwitz,1,9,0.06666666666666667,0.034482758620689655
Niedergörsdorf,Delitzsch unt Bf,0,13,0.07142857142857142,0.0394088669950739
Bruck/Mur,Dresden Hbf,0,12,0.07692307692307693,0.04509283819628648
Hopfgarten(Sachs),Leipzig-Liebertwolkwitz,0,6,0.14285714285714285,0.11330049261083745
Oberholz,Leipzig-Liebertwolkwitz,0,1,0.5,0.4827586206896552
Loitsch-Hohenleuben,Leipzig-Knauthain,0,13,0.07142857142857142,0.0394088669950739
Chemnitz Annenstraße,Chemnitz Annenstraße,0,0,1.0,1.0
Silberstraße,Zwickau-Schedewitz,0,2,0.3333333333333333,0.3103448275862069
Hagenwerder,Görlitz-Weinhübel Joh.-R.-Becher-Straße,0,0,1.0,1.0
Plauen(Vogtl)-Straßberg,Plauen(Vogtl)-Straßberg,0,0,1.0,1.0
Glaubitz(Riesa),Riesa,0,0,1.0,1.0
Plauen(Vogtl) ob Bf,Plauen(Vogtl) ob Bf,0,0,1.0,1.0
Eilenburg Ost,Eilenburg Ost,0,0,1.0,1.0
Grüna(Sachs)Hp,Chemnitz-Siegmar,0,0,1.0,1.0
Niedertrebra,Leipzig-Miltitz,0,11,0.08333333333333333,0.05172413793103449
Günzburg,Leipzig Hbf,0,6,0.14285714285714285,0.11330049261083745
Crailsheim,Leipzig Hbf,0,6,0.14285714285714285,0.11330049261083745
Uhlstädt,Leipzig Hbf,0,7,0.125,0.09482758620689656
Wandersleben,Leipzig-Miltitz,0,15,0.0625,0.030172413793103453
Königstein(Sächs Schw),Pirna,0,3,0.25,0.22413793103448276
Wels Hbf,Leipzig Hbf,0,9,0.1,0.06896551724137932
Auerbach(Vogtl) Hp,Auerbach(Vogtl) Hp,0,0,1.0,1.0
Torgau,Torgau,0,0,1.0,1.0
Wojanow,Görlitz,0,16,0.058823529411764705,0.026369168356997978
Werdau,Werdau,0,0,1.0,1.0
Steinbach am Wald,Leipzig Hbf,0,13,0.07142857142857142,0.0394088669950739
Dresden-Zschachwitz,Dresden-Zschachwitz,0,0,1.0,1.0
Chemnitz Friedrichstraße,Chemnitz Friedrichstraße,0,0,1.0,1.0
Pasewalk,Leipzig Hbf,0,7,0.125,0.09482758620689656
Decin-Certova voda,Dresden Hbf,1,4,0.1,0.06896551724137932
Neunhofen,Leipzig-Knauthain,0,13,0.07142857142857142,0.0394088669950739
Wüstenbrand,Hohenstein-Ernstthal,0,0,1.0,1.0
Großlehna,Leipzig-Miltitz,0,1,0.5,0.4827586206896552
Hammerunterwiesenthal,Annaberg-Buchholz Süd,1,7,0.07692307692307693,0.04509283819628648
Altenburg,Markkleeberg,0,1,0.5,0.4827586206896552
Ruppertsgrün,Plauen(Vogtl) ob Bf,0,2,0.3333333333333333,0.3103448275862069
Mehltheuer,Plauen(Vogtl) ob Bf,0,0,1.0,1.0
Hosena,Hoyerswerda,0,2,0.3333333333333333,0.3103448275862069
Pressig-Rothenkirchen,Leipzig Hbf,0,14,0.06666666666666667,0.034482758620689655
Mürzzuschlag,Dresden Hbf,0,10,0.09090909090909091,0.059561128526645774
Görlitz-Weinhübel Joh.-R.-Becher-Straße,Görlitz-Weinhübel Joh.-R.-Becher-Straße,0,0,1.0,1.0
Gutenfürst,Plauen(Vogtl) ob Bf,0,5,0.16666666666666666,0.13793103448275862
Praha-Holesovice,Dresden Hbf,0,3,0.25,0.22413793103448276
Semmering,Dresden Hbf,0,9,0.1,0.06896551724137932
Varnsdorf Pivovar Kocour,Zittau,0,5,0.16666666666666666,0.13793103448275862
Langebrück(Sachs),Radeberg,0,0,1.0,1.0
Frankenberg(Sachs),Chemnitz-Hilbersdorf,0,3,0.25,0.22413793103448276
Berlin Gesundbrunnen,Dresden-Neustadt,0,2,0.3333333333333333,0.3103448275862069
Leisnig,Döbeln Hbf,0,2,0.3333333333333333,0.3103448275862069
Unterwiesenthal,Annaberg-Buchholz Süd,1,8,0.07142857142857142,0.0394088669950739
Chemnitz-Siegmar,Chemnitz-Siegmar,0,0,1.0,1.0
Piensk,Görlitz,0,4,0.2,0.1724137931034483
Sluknov zast.,Dresden Hbf,1,13,0.05263157894736842,0.019963702359346643
Klosterbuch,Döbeln Hbf,0,1,0.5,0.4827586206896552
Reichenbach(Oberlausitz),Reichenbach(Oberlausitz),0,0,1.0,1.0
Leipzig Coppiplatz,Leipzig Coppiplatz,0,0,1.0,1.0
Schorndorf,Leipzig Hbf,0,10,0.09090909090909091,0.059561128526645774
Hagen Hbf,Leipzig/Halle Flughafen,0,11,0.08333333333333333,0.05172413793103449
Hallstadt(b Bamberg),Leipzig Hbf,0,27,0.03571428571428571,0.002463054187192122
Leipzig Nord,Leipzig Nord,0,0,1.0,1.0
Schwerin Hbf,Dresden-Neustadt,0,8,0.1111111111111111,0.08045977011494253
Delitzsch unt Bf,Delitzsch unt Bf,0,0,1.0,1.0
Pegau,Leipzig-Knauthain,0,1,0.5,0.4827586206896552
Dresden-Klotzsche,Dresden-Klotzsche,0,0,1.0,1.0
Burkhardswalde-Maxen,Dresden-Zschachwitz,1,4,0.1,0.06896551724137932
Rothenstein(Saale),Leipzig Hbf,0,5,0.16666666666666666,0.13793103448275862
Magdeburg Hbf,Leipzig/Halle Flughafen,0,2,0.3333333333333333,0.3103448275862069
Oldenburg(Oldb),Leipzig/Halle Flughafen,0,10,0.09090909090909091,0.059561128526645774
Lampertswalde,Großenhain Cottb Bf,0,0,1.0,1.0
Herlasgrün,Auerbach(V) ob Bf,0,1,0.5,0.4827586206896552
Chemnitz Alt Chemnitz Center,Chemnitz Alt Chemnitz Center,0,0,1.0,1.0
Leipzig Grünauer Allee,Leipzig Grünauer Allee,0,0,1.0,1.0
Leipzig Messe,Leipzig Messe,0,0,1.0,1.0
Boguszow Gorce Zach.,Görlitz,0,23,0.041666666666666664,0.008620689655172417
Nennigmühle,Chemnitz Hbf,0,11,0.08333333333333333,0.05172413793103449
Rechenberg Schule,Freiberg(Sachs),0,7,0.125,0.09482758620689656
Cainsdorf,Zwickau-Schedewitz,0,0,1.0,1.0
Weixdorf,Dresden-Klotzsche,0,1,0.5,0.4827586206896552
Dresden-Kemnitz Flensburger Straße,Dresden-Kemnitz Flensburger Straße,0,0,1.0,1.0
Frankfurt(M) Flughafen Fernbf,Leipzig Hbf,0,3,0.25,0.22413793103448276
Halle-Trotha,Schkeuditz West,0,9,0.1,0.06896551724137932
Muldenberg Floßplatz,Falkenstein(Vogtl),0,1,0.5,0.4827586206896552
Chemnitz TU Campus,Chemnitz TU Campus,0,0,1.0,1.0
Oschatz,Oschatz,0,0,1.0,1.0
Bratislava hl.st.,Dresden Hbf,0,7,0.125,0.09482758620689656
Zeulenroda unt Bf,Leipzig-Knauthain,0,14,0.06666666666666667,0.034482758620689655
Hartenstein,Bad Schlema,0,0,1.0,1.0
Jocketa,Plauen(Vogtl) ob Bf,0,1,0.5,0.4827586206896552
Hohndorf Mitte,Oelsnitz(Erzgeb),0,0,1.0,1.0
Janowice Wielkie,Görlitz,0,18,0.05263157894736842,0.019963702359346643
Breitenbrunn(Erzg),Schwarzenberg Hp,0,2,0.3333333333333333,0.3103448275862069
Bad Schandau,Dresden Hbf,0,0,1.0,1.0
Schmiedeberg (Dresden),Dippoldiswalde,0,3,0.25,0.22413793103448276
Frauenhain,Großenhain Cottb Bf,0,1,0.5,0.4827586206896552
Auerbach(V) ob Bf,Auerbach(V) ob Bf,0,0,1.0,1.0
Jena-Göschwitz,Leipzig Hbf,0,2,0.3333333333333333,0.3103448275862069
Bitterfeld,Leipzig Hbf,0,0,1.0,1.0
Vilemov u Sluknova,Dresden Hbf,1,8,0.07142857142857142,0.0394088669950739
Schönau(Hörsel),Leipzig-Miltitz,0,21,0.045454545454545456,0.01253918495297806
Bad Schlema,Bad Schlema,0,0,1.0,1.0
Ciechanowice,Görlitz,0,19,0.05,0.017241379310344834
Chemnitz Lothringer/Elsasser Str.,Chemnitz Lothringer/Elsasser Str.,0,0,1.0,1.0
Fürth(Bay)Hbf,Leipzig Hbf,0,3,0.25,0.22413793103448276
Chemnitz Scheffelstraße,Chemnitz Scheffelstraße,0,0,1.0,1.0
Chemnitz Kinderwaldstätte,Chemnitz Kinderwaldstätte,0,0,1.0,1.0
Schkeuditz West,Schkeuditz West,0,0,1.0,1.0
Oelsnitz Bahnhofstraße,Oelsnitz Bahnhofstraße,0,0,1.0,1.0
St.Pölten Hbf,Leipzig Hbf,0,11,0.08333333333333333,0.05172413793103449
Zwickau-Pölbitz,Zwickau-Pölbitz,0,0,1.0,1.0
Halle Wohnstadt Nord,Schkeuditz West,0,8,0.1111111111111111,0.08045977011494253
Lipova u Sluknova,Dresden Hbf,1,10,0.0625,0.030172413793103453
Coburg,Leipzig Hbf,0,1,0.5,0.4827586206896552
Dresden Industriegelände,Dresden Industriegelände,0,0,1.0,1.0
Falkenstein(Vogtl),Falkenstein(Vogtl),0,0,1.0,1.0
Leipzig-Connewitz,Leipzig-Connewitz,0,0,1.0,1.0
Leipzig-Leutzsch,Leipzig-Leutzsch,0,0,1.0,1.0
Gommern,Delitzsch unt Bf,0,6,0.14285714285714285,0.11330049261083745
Mockrehna,Torgau,0,0,1.0,1.0
Legnica,Görlitz,0,14,0.06666666666666667,0.034482758620689655
Zwotental,Falkenstein(Vogtl),0,4,0.2,0.1724137931034483
Norden,Leipzig/Halle Flughafen,0,17,0.05555555555555555,0.022988505747126436
Weischlitz,Plauen(Vogtl)West,0,0,1.0,1.0
Cossebaude,Dresden-Stetzsch Am Urnenfeld,0,0,1.0,1.0
Rackwitz(Leipzig),Leipzig Messe,0,0,1.0,1.0
Radebeul-Naundorf Friedrich-List-Straße,Radebeul-Naundorf Friedrich-List-Straße,0,0,1.0,1.0
Marciszow,Görlitz,0,20,0.047619047619047616,0.014778325123152712
Liberec,Zittau,0,2,0.3333333333333333,0.3103448275862069
Chemnitz Rosenbergstraße,Chemnitz Rosenbergstraße,0,0,1.0,1.0
Frankenstein(Sachs),Freiberg(Sachs),0,1,0.5,0.4827586206896552
Mücka,Niesky,0,1,0.5,0.4827586206896552
Leipzig-Stötteritz,Leipzig-Stötteritz,0,0,1.0,1.0
Waldheim,Mittweida,0,2,0.3333333333333333,0.3103448275862069
Niederwiesa,Chemnitz Hbf,0,0,1.0,1.0
Stuttgart Hbf,Leipzig Hbf,0,4,0.2,0.1724137931034483
Leipzig-Gohlis,Leipzig-Gohlis,0,0,1.0,1.0
Erfurt-Bischleben,Leipzig-Miltitz,0,14,0.06666666666666667,0.034482758620689655
Obervogelgesang,Pirna,0,0,1.0,1.0
Salzwedel,Leipzig Hbf,0,3,0.25,0.22413793103448276
Jelenia Gora,Görlitz,0,15,0.0625,0.030172413793103453
Wegliniec,Görlitz,0,5,0.16666666666666666,0.13793103448275862
Hohenstein-Ernstthal,Hohenstein-Ernstthal,0,0,1.0,1.0
Weißwasser(Oberlausitz),Weißwasser(Oberlausitz),0,0,1.0,1.0
Praha hl.n.,Dresden Hbf,0,4,0.2,0.1724137931034483
Großschönau(Sachs),Zittau,0,0,1.0,1.0
Dresden-Strehlen,Dresden-Strehlen,0,0,1.0,1.0
Straubing,Leipzig Hbf,0,6,0.14285714285714285,0.11330049261083745
Elsterwerda-Biehla,Großenhain Cottb Bf,0,4,0.2,0.1724137931034483
Erlabrunn(Erzgeb),Schwarzenberg Hp,0,3,0.25,0.22413793103448276
Bautzen,Bautzen,0,0,1.0,1.0
Neukirchen-Wyhra An der Schanze,Borna(Leipzig),0,1,0.5,0.4827586206896552
Seitschen,Bautzen,0,0,1.0,1.0
Pforzheim Hbf,Leipzig Hbf,0,14,0.06666666666666667,0.034482758620689655
Dresden-Trachau,Dresden-Trachau,0,0,1.0,1.0
Kretscham-Rothensehma,Annaberg-Buchholz Süd,1,5,0.09090909090909091,0.059561128526645774
Hohenleuben,Leipzig-Knauthain,0,12,0.07692307692307693,0.04509283819628648
Steinpleis Post,Werdau,0,0,1.0,1.0
Erfurt Hbf,Leipzig Hbf,0,0,1.0,1.0
Treuen,Auerbach(V) ob Bf,0,0,1.0,1.0
Peine,Leipzig/Halle Flughafen,0,4,0.2,0.1724137931034483
Plessa,Hoyerswerda,0,5,0.16666666666666666,0.13793103448275862
Rebiszow,Görlitz,0,10,0.09090909090909091,0.059561128526645774
Lößnitzgrund,Lößnitzgrund,0,0,1.0,1.0
Meißen Altstadt,Meißen Altstadt,0,0,1.0,1.0
Altmittweida,Mittweida,0,0,1.0,1.0
Chemnitz Roter Turm,Chemnitz Roter Turm,0,0,1.0,1.0
Oppurg,Leipzig-Knauthain,0,13,0.07142857142857142,0.0394088669950739
Glauchau-Schönbörnchen,Glauchau-Schönbörnchen,0,0,1.0,1.0
Großpösna,Leipzig-Liebertwolkwitz,0,0,1.0,1.0
Treben-Lehma,Crimmitschau,0,4,0.2,0.1724137931034483
Chemnitz Bernsbachplatz,Chemnitz Bernsbachplatz,0,0,1.0,1.0
Chemnitz Zentralhaltestelle,Chemnitz Zentralhaltestelle,0,0,1.0,1.0
Oberlichtenau,Chemnitz Kinderwaldstätte,0,0,1.0,1.0
Doberschütz,Eilenburg Ost,0,0,1.0,1.0
Weesenstein Gemeindeamt,Dresden-Zschachwitz,1,3,0.1111111111111111,0.08045977011494253
Schwarzenberg-Neuwelt,Schwarzenberg-Neuwelt,0,0,1.0,1.0
Kronach,Leipzig Hbf,0,4,0.2,0.1724137931034483
Rödlitz-Hohndorf,Lichtenstein Hartensteiner Straße,0,0,1.0,1.0
Düsseldorf Hbf,Leipzig/Halle Flughafen,0,14,0.06666666666666667,0.034482758620689655
Kurort Oberwiesenthal,Annaberg-Buchholz Süd,1,9,0.06666666666666667,0.034482758620689655
Flöha-Plaue,Chemnitz Hbf,0,2,0.3333333333333333,0.3103448275862069
Zapfendorf,Leipzig Hbf,0,25,0.038461538461538464,0.005305039787798414
Beilrode,Torgau,0,0,1.0,1.0
Radeberg,Radeberg,0,0,1.0,1.0
Chemnitz-Hilbersdorf,Chemnitz-Hilbersdorf,0,0,1.0,1.0
Okmiany,Görlitz,0,10,0.09090909090909091,0.059561128526645774
Radebeul-Naundorf,Radebeul-Naundorf,0,0,1.0,1.0
Wuppertal Hbf,Leipzig/Halle Flughafen,0,12,0.07692307692307693,0.04509283819628648
Hainewalde Gemeindeamt,Zittau,0,1,0.5,0.4827586206896552
Krumhermsdorf,Pirna-Copitz Nord,0,7,0.125,0.09482758620689656
Hamburg-Altona,Leipzig Hbf,0,7,0.125,0.09482758620689656
Gröbers,Schkeuditz West,0,1,0.5,0.4827586206896552
Velky Senov,Dresden Hbf,1,11,0.058823529411764705,0.026369168356997978
Dippoldiswalde,Dippoldiswalde,0,0,1.0,1.0
Bülzig,Delitzsch unt Bf,0,10,0.09090909090909091,0.059561128526645774
Zabeltitz,Großenhain Cottb Bf,0,0,1.0,1.0
Tanndorf,Grimma ob Bf,0,1,0.5,0.4827586206896552
Wilkau-Haßlau,Zwickau-Schedewitz,0,1,0.5,0.4827586206896552
Jahnsdorf(Erzgeb),Stollberg Schlachthofstraße,0,2,0.3333333333333333,0.3103448275862069
Leer(Ostfriesl),Leipzig/Halle Flughafen,0,14,0.06666666666666667,0.034482758620689655
Friedewald(Kr Dresden)Hp,Lößnitzgrund,0,0,1.0,1.0
Bamberg,Leipzig Hbf,0,1,0.5,0.4827586206896552
Rietschen,Weißwasser(Oberlausitz),0,0,1.0,1.0
Köttewitz,Dresden-Zschachwitz,1,2,0.125,0.09482758620689656
Kuty,Dresden Hbf,0,6,0.14285714285714285,0.11330049261083745
Hopfgarten(Weimar),Leipzig-Miltitz,0,13,0.07142857142857142,0.0394088669950739
Gera Süd,Leipzig-Knauthain,0,8,0.1111111111111111,0.08045977011494253
Niederwartha,Radebeul-Naundorf Friedrich-List-Straße,0,0,1.0,1.0
Kwieciszowice,Görlitz,0,11,0.08333333333333333,0.05172413793103449
Chojnow,Görlitz,0,12,0.07692307692307693,0.04509283819628648
Boguszow Gorce Wsch.,Görlitz,0,25,0.038461538461538464,0.005305039787798414
Milkowice,Görlitz,0,13,0.07142857142857142,0.0394088669950739
Berbisdorf,Lößnitzgrund,0,5,0.16666666666666666,0.13793103448275862
Neumünster,Leipzig Hbf,0,7,0.125,0.09482758620689656
Landsberg(b. Halle/Saale) Süd,Delitzsch unt Bf,0,2,0.3333333333333333,0.3103448275862069
Ottendorf-Okrilla Nord,Dresden-Klotzsche,0,5,0.16666666666666666,0.13793103448275862
Annaberg-Buchholz unterer Bf,Annaberg-Buchholz unterer Bf,0,0,1.0,1.0
Rabenau,Freital-Coßmannsdorf,0,0,1.0,1.0
Breitengüßbach,Leipzig Hbf,0,26,0.037037037037037035,0.0038314176245210704
Dürrröhrsdorf,Pirna-Copitz Nord,0,1,0.5,0.4827586206896552
Olbersdorf Niederdorf,Zittau Vorstadt,0,0,1.0,1.0
Wülknitz,Riesa,0,1,0.5,0.4827586206896552
Holzhau,Freiberg(Sachs),0,10,0.09090909090909091,0.059561128526645774
Plesna(CZ),Oelsnitz(Vogtl),0,6,0.14285714285714285,0.11330049261083745
Leipzig-Thekla,Leipzig-Thekla,0,0,1.0,1.0
Großheringen,Leipzig Hbf,0,5,0.16666666666666666,0.13793103448275862
Linz Hbf,Leipzig Hbf,0,10,0.09090909090909091,0.059561128526645774
Horni Poustevna,Dresden Hbf,1,7,0.07692307692307693,0.04509283819628648
Ottendorf-Okrilla Hp,Dresden-Klotzsche,0,4,0.2,0.1724137931034483
Uhyst,Hoyerswerda-Neustadt,0,1,0.5,0.4827586206896552
Dresden Hbf (Strehlener Str.),Dresden Hbf (Strehlener Str.),0,0,1.0,1.0
Hannover Hbf,Leipzig/Halle Flughafen,0,4,0.2,0.1724137931034483
Schöneck(Vogtl),Falkenstein(Vogtl),0,2,0.3333333333333333,0.3103448275862069
Hochstadt-Marktzeuln,Leipzig Hbf,0,20,0.047619047619047616,0.014778325123152712
Bily Kostel nad Nisou,Zittau,0,2,0.3333333333333333,0.3103448275862069
Breternitz,Leipzig Hbf,0,9,0.1,0.06896551724137932
Pockau-Lengefeld,Chemnitz Hbf,0,10,0.09090909090909091,0.059561128526645774
Usti nad Labem hl.n.,Dresden Hbf,0,2,0.3333333333333333,0.3103448275862069
Spremberg,Weißwasser(Oberlausitz),0,1,0.5,0.4827586206896552
Wolfen(Bitterfeld),Delitzsch unt Bf,0,1,0.5,0.4827586206896552
Lichtenfels,Leipzig Hbf,0,5,0.16666666666666666,0.13793103448275862
Kurort Oybin-Niederdorf,Zittau Vorstadt,0,3,0.25,0.22413793103448276
Chemnitz-Borna Hp,Chemnitz-Borna Hp,0,0,1.0,1.0
Chemnitz Altchemnitzer Straße,Chemnitz Altchemnitzer Straße,0,0,1.0,1.0
Stenn,Zwickau(Sachs)Hbf,0,0,1.0,1.0
Schwäbisch Gmünd,Leipzig Hbf,0,9,0.1,0.06896551724137932
Eberswalde Hbf,Leipzig Hbf,0,4,0.2,0.1724137931034483
Waldkirchen(Erzgeb),Chemnitz Hbf,0,6,0.14285714285714285,0.11330049261083745
Greifswald,Leipzig Hbf,0,10,0.09090909090909091,0.059561128526645774
Geising,Dresden-Zschachwitz,1,13,0.05263157894736842,0.019963702359346643
Bergen auf Rügen,Leipzig Hbf,0,12,0.07692307692307693,0.04509283819628648
Leipzig Markt,Leipzig Markt,0,0,1.0,1.0
Leipzig-Liebertwolkwitz,Leipzig-Liebertwolkwitz,0,0,1.0,1.0
Krölpa-Ranis,Leipzig-Knauthain,0,18,0.05263157894736842,0.019963702359346643
Triebes,Leipzig-Knauthain,0,13,0.07142857142857142,0.0394088669950739
Görlitz,Görlitz,0,0,1.0,1.0
Großdeuben,Markkleeberg-Gaschwitz,0,0,1.0,1.0
Leipzig Olbrichtstraße,Leipzig Olbrichtstraße,0,0,1.0,1.0
Angermünde,Leipzig Hbf,0,5,0.16666666666666666,0.13793103448275862
Chemnitz Uhlestraße,Chemnitz Uhlestraße,0,0,1.0,1.0
Wünschendorf,Plauen(Vogtl) Mitte,0,8,0.1111111111111111,0.08045977011494253
Ulbersdorf,Dresden Hbf,1,2,0.125,0.09482758620689656
Porschdorf (Kr. Pirna)  Straße zum Bahnhof,Dresden Hbf,1,2,0.125,0.09482758620689656
Pratau,Delitzsch unt Bf,0,7,0.125,0.09482758620689656
Langenwolmsdorf,Pirna-Copitz Nord,0,5,0.16666666666666666,0.13793103448275862
Wetterzeube,Leipzig-Knauthain,0,4,0.2,0.1724137931034483
Leubsdorf(Sachs),Chemnitz Hbf,0,5,0.16666666666666666,0.13793103448275862
Chemnitz Hbf,Chemnitz Hbf,0,0,1.0,1.0
Pirk,Oelsnitz(Vogtl),0,0,1.0,1.0
Dresden-Plauen,Dresden-Plauen,0,0,1.0,1.0
Bad Köstritz,Leipzig-Knauthain,0,6,0.14285714285714285,0.11330049261083745
Cunnertswalde,Lößnitzgrund,0,3,0.25,0.22413793103448276
Chemnitz-Harthau,Chemnitz-Harthau,0,0,1.0,1.0
Wittgensdorf ob Bf,Chemnitz-Borna Hp,0,1,0.5,0.4827586206896552
Leipzig-Lützschena,Leipzig-Lützschena,0,0,1.0,1.0
Essen Hbf,Leipzig/Halle Flughafen,0,12,0.07692307692307693,0.04509283819628648
Dolni Zleb,Dresden Hbf,1,2,0.125,0.09482758620689656
Wolkenstein,Annaberg-Buchholz unterer Bf,0,2,0.3333333333333333,0.3103448275862069
Hude,Leipzig/Halle Flughafen,0,9,0.1,0.06896551724137932
Leipzig-Rückmarsdorf,Leipzig-Rückmarsdorf,0,0,1.0,1.0
Zareba,Görlitz,0,4,0.2,0.1724137931034483
Ortrand,Großenhain Cottb Bf,0,1,0.5,0.4827586206896552
Otterwisch,Leipzig-Liebertwolkwitz,0,3,0.25,0.22413793103448276
Lübs(Magdeburg),Delitzsch unt Bf,0,7,0.125,0.09482758620689656
Voigtsgrün,Rodewisch,0,2,0.3333333333333333,0.3103448275862069
Unterneudorf,Annaberg-Buchholz Süd,1,2,0.125,0.09482758620689656
Pulsnitz Süd,Radeberg,0,2,0.3333333333333333,0.3103448275862069
Regis-Breitingen,Markkleeberg,0,4,0.2,0.1724137931034483
Rathmannsdorf(Kr Pirna),Dresden Hbf,1,1,0.14285714285714285,0.11330049261083745
Pfaffenhain,Stollberg Schlachthofstraße,0,1,0.5,0.4827586206896552
Neuoelsnitz,Oelsnitz Bahnhofstraße,0,1,0.5,0.4827586206896552
Dornburg(Saale),Leipzig Hbf,0,3,0.25,0.22413793103448276
Redwitz(Rodach),Leipzig Hbf,0,19,0.05,0.017241379310344834
Oberschlottwitz,Dresden-Zschachwitz,1,7,0.07692307692307693,0.04509283819628648
Passau Hbf,Leipzig Hbf,0,8,0.1111111111111111,0.08045977011494253
Ulbersdorf Almenhof,Dresden Hbf,1,3,0.1111111111111111,0.08045977011494253
Wien Hbf,Dresden Hbf,0,6,0.14285714285714285,0.11330049261083745
Niederwürschnitz,Stollberg Schlachthofstraße,0,0,1.0,1.0
Ostrau,Döbeln Hbf,0,1,0.5,0.4827586206896552
Witzschdorf,Chemnitz Hbf,0,5,0.16666666666666666,0.13793103448275862
Sebnitz(Sachs),Pirna-Copitz Nord,0,8,0.1111111111111111,0.08045977011494253
Breclav,Dresden Hbf,0,5,0.16666666666666666,0.13793103448275862
Weimar,Leipzig Hbf,0,8,0.1111111111111111,0.08045977011494253
"Mehltheuer Schleizer Str., Rosenbach/Vogtl.",Plauen(Vogtl) ob Bf (Busbahnhof),0,1,0.5,0.4827586206896552
Gotha,Leipzig Hbf,0,1,0.5,0.4827586206896552
Bischheim-Gersdorf,Kamenz(Sachs),0,0,1.0,1.0
Olbernhau-Grünthal,Chemnitz Hbf,0,15,0.0625,0.030172413793103453
Zebrzydowa,Görlitz,0,7,0.125,0.09482758620689656
Ruhland,Großenhain Cottb Bf,0,2,0.3333333333333333,0.3103448275862069
Nagymaros-Visegrad,Dresden Hbf,0,11,0.08333333333333333,0.05172413793103449
Großkorbetha,Leipzig-Miltitz,0,4,0.2,0.1724137931034483
Kapfenberg,Dresden Hbf,0,11,0.08333333333333333,0.05172413793103449
Gröditz(Riesa),Riesa,0,3,0.25,0.22413793103448276
Dessau Süd,Delitzsch unt Bf,0,3,0.25,0.22413793103448276
Braunschweig Hbf,Leipzig/Halle Flughafen,0,3,0.25,0.22413793103448276
Ebersbrunn,Zwickau(Sachs)Hbf,0,1,0.5,0.4827586206896552
Niederpöllnitz,Leipzig-Knauthain,0,10,0.09090909090909091,0.059561128526645774
Oberrothenbach,Zwickau-Pölbitz,0,0,1.0,1.0
Heidenau,Dresden-Zschachwitz,0,0,1.0,1.0
Krippen,Pirna,0,5,0.16666666666666666,0.13793103448275862
Pirna-Copitz Nord,Pirna-Copitz Nord,0,0,1.0,1.0
Döbeln Hbf,Döbeln Hbf,0,0,1.0,1.0
Leipzig-Holzhausen,Leipzig-Holzhausen,0,0,1.0,1.0
Schmölln(Ol),Radeberg,0,2,0.3333333333333333,0.3103448275862069
Dresden-Stetzsch Am Urnenfeld,Dresden-Stetzsch Am Urnenfeld,0,0,1.0,1.0
Herford,Leipzig/Halle Flughafen,0,6,0.14285714285714285,0.11330049261083745
Heidenau Süd,Pirna,0,1,0.5,0.4827586206896552
Kraslice-Pod vlekem,Falkenstein(Vogtl),1,6,0.08333333333333333,0.05172413793103449
München Hbf,Leipzig Hbf,0,3,0.25,0.22413793103448276
Gößnitz,Crimmitschau,0,0,1.0,1.0
Delitzsch ob Bf,Delitzsch ob Bf,0,0,1.0,1.0
Stara Kamienica,Görlitz,0,12,0.07692307692307693,0.04509283819628648
Trzcinsko,Görlitz,0,17,0.05555555555555555,0.022988505747126436
Jößnitz,Plauen(Vogtl) ob Bf,0,0,1.0,1.0
Schweinsburg-Culten,Crimmitschau,0,0,1.0,1.0
Rodewisch,Rodewisch,0,0,1.0,1.0
Elsterberg,Plauen(Vogtl) Mitte,0,3,0.25,0.22413793103448276
Niederschlag,Annaberg-Buchholz Süd,1,6,0.08333333333333333,0.05172413793103449
Weißenfels,Leipzig Hbf,0,0,1.0,1.0
Ulm Hbf,Leipzig Hbf,0,5,0.16666666666666666,0.13793103448275862
Hoyerswerda-Neustadt,Hoyerswerda-Neustadt,0,0,1.0,1.0
Kühren,Wurzen,0,0,1.0,1.0
Gersdorf(Görlitz),Reichenbach(Oberlausitz),0,0,1.0,1.0
Zwickau Zentrum,Zwickau Zentrum,0,0,1.0,1.0
Grimma ob Bf,Grimma ob Bf,0,0,1.0,1.0
Mühlacker,Leipzig Hbf,0,13,0.07142857142857142,0.0394088669950739
Kleinschirma,Freiberg(Sachs),0,0,1.0,1.0
Dresden Flughafen,Dresden Flughafen,0,0,1.0,1.0
Waren(Müritz),Dresden-Neustadt,0,5,0.16666666666666666,0.13793103448275862
Neuhausen(Cottbus),Weißwasser(Oberlausitz),0,3,0.25,0.22413793103448276
Kürbitz,Plauen(Vogtl) Mitte,0,0,1.0,1.0
Breitendorf,Löbau(Sachs),0,0,1.0,1.0
Norddeich Mole,Leipzig/Halle Flughafen,0,19,0.05,0.017241379310344834
Leipzig Allee-Center,Leipzig Allee-Center,0,0,1.0,1.0
Horka,Görlitz,0,1,0.5,0.4827586206896552
Westerstede-Ocholt,Leipzig/Halle Flughafen,0,12,0.07692307692307693,0.04509283819628648
Nienburg(Weser),Leipzig/Halle Flughafen,0,5,0.16666666666666666,0.13793103448275862
Neugersdorf,Zittau,0,1,0.5,0.4827586206896552
Dieskau,Schkeuditz West,0,2,0.3333333333333333,0.3103448275862069
Zagajnik,Görlitz,0,6,0.14285714285714285,0.11330049261083745
Karlsruhe Hbf,Leipzig Hbf,0,15,0.0625,0.030172413793103453
Sturovo,Dresden Hbf,0,9,0.1,0.06896551724137932
Vac,Dresden Hbf,0,12,0.07692307692307693,0.04509283819628648
Kleinröhrsdorf,Radeberg,0,0,1.0,1.0
Lichtentanne(Sachs),Zwickau(Sachs)Hbf,0,0,1.0,1.0
Buschmühle,Dippoldiswalde,0,4,0.2,0.1724137931034483
Malter,Dippoldiswalde,0,0,1.0,1.0
Riesa,Riesa,0,0,1.0,1.0
Spechtritz,Freital-Coßmannsdorf,0,1,0.5,0.4827586206896552
Neusörnewitz,Coswig(b Dresden),0,0,1.0,1.0
Karlsruhe-Durlach,Leipzig Hbf,0,15,0.0625,0.030172413793103453
Erlau(Sachs),Mittweida,0,0,1.0,1.0
Köthen,Leipzig/Halle Flughafen,0,1,0.5,0.4827586206896552
Radebeul Ost,Radebeul Ost,0,0,1.0,1.0
Jüterbog,Delitzsch unt Bf,0,14,0.06666666666666667,0.034482758620689655
Zittau Süd,Zittau Süd,0,0,1.0,1.0
Profen,Leipzig-Knauthain,0,2,0.3333333333333333,0.3103448275862069
Rehfeld(Falkenberg),Torgau,0,1,0.5,0.4827586206896552
Dolni Poustevna,Dresden Hbf,1,6,0.08333333333333333,0.05172413793103449
Frankenberg(Sachs) Süd,Chemnitz-Hilbersdorf,0,2,0.3333333333333333,0.3103448275862069
Hohenfichte,Chemnitz Hbf,0,4,0.2,0.1724137931034483
Calau(Nl),Torgau,0,4,0.2,0.1724137931034483
Erla,Schwarzenberg Hp,0,0,1.0,1.0
Cranzahl,Annaberg-Buchholz Süd,0,1,0.5,0.4827586206896552
Dresden-Neustadt,Dresden-Neustadt,0,0,1.0,1.0
Augustfehn,Leipzig/Halle Flughafen,0,13,0.07142857142857142,0.0394088669950739
Radebeul-Weintraube,Radebeul-Weintraube,0,0,1.0,1.0
Leipzig-Mölkau,Leipzig-Mölkau,0,0,1.0,1.0
Mosel,Glauchau-Schönbörnchen,0,0,1.0,1.0
Seifhennersdorf Zollstraße,Zittau,0,3,0.25,0.22413793103448276
Adorf(Vogtl),Oelsnitz(Vogtl),0,1,0.5,0.4827586206896552
Decin hl.n.,Dresden Hbf,0,1,0.5,0.4827586206896552
Solingen Hbf,Leipzig/Halle Flughafen,0,13,0.07142857142857142,0.0394088669950739
Eibau,Zittau,0,4,0.2,0.1724137931034483
Gera-Zwötzen,Plauen(Vogtl) Mitte,0,9,0.1,0.06896551724137932
Wittgensdorf Mitte,Chemnitz-Borna Hp,0,0,1.0,1.0
Naunhof,Grimma ob Bf,0,1,0.5,0.4827586206896552
Wilthen,Radeberg,0,3,0.25,0.22413793103448276
Priestewitz,Großenhain Cottb Bf,0,0,1.0,1.0
Regensburg Hbf,Leipzig Hbf,0,5,0.16666666666666666,0.13793103448275862
Weesenstein,Dresden-Zschachwitz,1,3,0.1111111111111111,0.08045977011494253
Prödel,Delitzsch unt Bf,0,7,0.125,0.09482758620689656
Kurort Kipsdorf,Dippoldiswalde,0,5,0.16666666666666666,0.13793103448275862
Halle Steintorbrücke,Schkeuditz West,0,5,0.16666666666666666,0.13793103448275862
Probstzella,Leipzig Hbf,0,11,0.08333333333333333,0.05172413793103449
Verden(Aller),Leipzig/Halle Flughafen,0,6,0.14285714285714285,0.11330049261083745
Osetnica,Görlitz,0,11,0.08333333333333333,0.05172413793103449
Laußnitz,Dresden-Klotzsche,0,6,0.14285714285714285,0.11330049261083745
Schkeuditz,Schkeuditz,0,0,1.0,1.0
Jelenia Gora Zabobrze,Görlitz,0,14,0.06666666666666667,0.034482758620689655
Doberlug-Kirchhain,Dresden-Neustadt,0,1,0.5,0.4827586206896552
Wiener Neustadt Hbf,Dresden Hbf,0,8,0.1111111111111111,0.08045977011494253
Hamm(Westf)Hbf,Leipzig/Halle Flughafen,0,9,0.1,0.06896551724137932
Greiz-Dölau,Plauen(Vogtl) Mitte,0,4,0.2,0.1724137931034483
Machern(Sachs),Wurzen,0,2,0.3333333333333333,0.3103448275862069
Berthelsdorf(Erzgeb),Freiberg(Sachs),0,0,1.0,1.0
Ostseebad Binz,Leipzig Hbf,0,13,0.07142857142857142,0.0394088669950739
Halle(Saale)Hbf,Leipzig/Halle Flughafen,0,0,1.0,1.0
Steina,Döbeln Hbf,0,1,0.5,0.4827586206896552
Neuses(b Kronach),Leipzig Hbf,0,17,0.05555555555555555,0.022988505747126436
Radis,Delitzsch unt Bf,0,5,0.16666666666666666,0.13793103448275862
Scharfenstein,Annaberg-Buchholz unterer Bf,0,4,0.2,0.1724137931034483
Marke,Delitzsch unt Bf,0,4,0.2,0.1724137931034483
Werdau Nord,Werdau Nord,0,0,1.0,1.0
Chemnitz Erdmannsdorfer Straße,Chemnitz Erdmannsdorfer Straße,0,0,1.0,1.0
Gerichshain,Leipzig-Engelsdorf,0,1,0.5,0.4827586206896552
Lauchhammer,Hoyerswerda,0,4,0.2,0.1724137931034483
Dresden-Dobritz,Dresden-Dobritz,0,0,1.0,1.0
Schwarzenberg Hp,Schwarzenberg Hp,0,0,1.0,1.0
Bielefeld Hbf,Leipzig/Halle Flughafen,0,7,0.125,0.09482758620689656
Zwenkau-Großdalzig,Leipzig-Knauthain,0,0,1.0,1.0
Lengenfeld(Vogtl),Rodewisch,0,0,1.0,1.0
Pulsnitz,Kamenz(Sachs),0,1,0.5,0.4827586206896552
Könitz(Thür),Leipzig-Knauthain,0,14,0.06666666666666667,0.034482758620689655
Emden Hbf,Leipzig/Halle Flughafen,0,15,0.0625,0.030172413793103453
Rudolstadt-Schwarza,Leipzig Hbf,0,7,0.125,0.09482758620689656
Seebergen,Leipzig-Miltitz,0,16,0.058823529411764705,0.026369168356997978
Leipzig Bayerischer Bahnhof,Leipzig Bayerischer Bahnhof,0,0,1.0,1.0
Weinböhla Hp,Coswig(b Dresden),0,0,1.0,1.0
Erdmannsdorf-Augustusburg,Chemnitz Hbf,0,3,0.25,0.22413793103448276
Leipzig Karlsruher Str,Leipzig Karlsruher Str,0,0,1.0,1.0
Irfersgrün,Rodewisch,0,1,0.5,0.4827586206896552
Tharandt,Freital-Hainsberg West,0,0,1.0,1.0
Uelzen,Leipzig Hbf,0,6,0.14285714285714285,0.11330049261083745
Annaberg-Buchholz Süd,Annaberg-Buchholz Süd,0,0,1.0,1.0
Seerhausen,Riesa,0,0,1.0,1.0
Böhlen(Leipzig),Markkleeberg,0,0,1.0,1.0
Zwota,Falkenstein(Vogtl),1,4,0.1,0.06896551724137932
Lutherstadt Wittenberg Hbf,Leipzig Hbf,0,0,1.0,1.0
Kurort Jonsdorf,Zittau Vorstadt,0,4,0.2,0.1724137931034483
Wiesenburg(Sachs),Bad Schlema,0,2,0.3333333333333333,0.3103448275862069
Petershain,Niesky,0,0,1.0,1.0
Cheb,Oelsnitz(Vogtl),0,11,0.08333333333333333,0.05172413793103449
Aue(Sachs),Aue(Sachs),0,0,1.0,1.0
Unterwellenborn,Leipzig-Knauthain,0,14,0.06666666666666667,0.034482758620689655
Elsterberg-Kunstseidenwerk,Plauen(Vogtl) Mitte,0,2,0.3333333333333333,0.3103448275862069
Freital-Coßmannsdorf,Freital-Coßmannsdorf,0,0,1.0,1.0
Klingenthal,Falkenstein(Vogtl),1,5,0.09090909090909091,0.059561128526645774
Lauterbach-Steinbach,Leipzig-Liebertwolkwitz,0,4,0.2,0.1724137931034483
Holzhau Skilift,Freiberg(Sachs),0,9,0.1,0.06896551724137932
Westewitz-Hochweitzschen,Döbeln Hbf,0,0,1.0,1.0
Großbothen,Grimma ob Bf,0,0,1.0,1.0
Dresden-Kemnitz Zschonergrundstraße,Dresden-Kemnitz Zschonergrundstraße,0,0,1.0,1.0
Ottendorf-Okrilla Süd,Dresden-Klotzsche,0,3,0.25,0.22413793103448276
Krensitz,Delitzsch ob Bf,0,1,0.5,0.4827586206896552
Hirschaid,Leipzig Hbf,0,28,0.034482758620689655,0.0011890606420927458
Floßmühle,Chemnitz Hbf,0,7,0.125,0.09482758620689656
Amtshainersdorf,Dresden Hbf,1,4,0.1,0.06896551724137932
Vojtanov,Oelsnitz(Vogtl),0,7,0.125,0.09482758620689656
Coswig(b Dresden),Coswig(b Dresden),0,0,1.0,1.0
Petersroda,Delitzsch unt Bf,0,0,1.0,1.0
Grünhainichen-Borstendorf,Chemnitz Hbf,0,6,0.14285714285714285,0.11330049261083745
Tiefenau,Riesa,0,2,0.3333333333333333,0.3103448275862069
Zgorzelec,Görlitz,0,0,1.0,1.0
Mlynsko,Görlitz,0,9,0.1,0.06896551724137932
Hradek nad Nisou,Zittau,0,0,1.0,1.0
Lichtenstein Gewerbegebiet,Lichtenstein Gewerbegebiet,0,0,1.0,1.0
Decin-Prostredni Zleb,Dresden Hbf,1,3,0.1111111111111111,0.08045977011494253
Küps,Leipzig Hbf,0,18,0.05263157894736842,0.019963702359346643
Prösen,Riesa,0,4,0.2,0.1724137931034483
Wurzen,Wurzen,0,0,1.0,1.0
Chemnitz Stadlerplatz,Chemnitz Stadlerplatz,0,0,1.0,1.0
Velky Senov zast.,Dresden Hbf,1,12,0.05555555555555555,0.022988505747126436
Plauen(Vogtl)West,Plauen(Vogtl)West,0,0,1.0,1.0
Chemnitz Bruno-Salzer-Straße,Chemnitz Bruno-Salzer-Straße,0,0,1.0,1.0
